"FilingID","Country/Authority"
1028422,"Switzerland - Swiss Financial Market Supervisory Authority"
1025283,"Switzerland - Swiss Financial Market Supervisory Authority"
1033223,"United Kingdom - Financial Conduct Authority"
1033223,"India - Securities and Exchange Board of India"
1033223,"Other: KINGDOM OF SAUDI ARABIA - CAPITAL MARKET AUTHORITY"
1027758,"Australia - Australian Securities and Investments Commission"
1033218,"Cayman Islands - Cayman Islands Monetary Authority"
1033827,"United Kingdom - Financial Conduct Authority"
1035564,"United Kingdom - Financial Conduct Authority"
1036361,"Mauritius, Republic of - Financial Services Commission"
1036361,"Singapore - Monetary Authority of Singapore"
1041938,"United Kingdom - Financial Conduct Authority"
1041938,"Finland - Financial Supervision Authority"
1041938,"Sweden - Swedish Financial Supervisory Authority"
1041938,"Netherlands - The Netherlands Authority for the Financial Markets"
1041975,"United Kingdom - Financial Conduct Authority"
1041975,"Canada - Ontario Securities Commission"
1042049,"Canada - Manitoba Securities Commission"
1042049,"Canada - Alberta Securities Commission"
1042049,"Canada - British Columbia Securities Commission"
1042049,"Canada - Ontario Securities Commission"
1042049,"Canada - Saskatchewan Financial Services Commission"
1028714,"Canada - Ontario Securities Commission"
1036605,"Canada - Alberta Securities Commission"
1036605,"Canada - Ontario Securities Commission"
1036605,"Other: DUBAI - DUBAI MERCANTILE EXCHANGE"
1036605,"Canada - Quebec, Financial Markets Authority"
1036605,"Canada - British Columbia Securities Commission"
1036272,"Other: ITAU USA ASSET MANAGEMENT INC. IS EXEMPT FROM REGISTERING AS AN INVESTMENT ADVISER IN CANADA"
1036272,"Ireland -  Central Bank of Ireland"
1032505,"India - Securities and Exchange Board of India"
1038996,"Canada - Ontario Securities Commission"
1038996,"Ireland -  Central Bank of Ireland"
1041176,"United Kingdom - Financial Conduct Authority"
1041176,"Australia - Australian Securities and Investments Commission"
1041176,"Denmark - Danish Financial Supervisory Authority"
1041176,"Sweden - Swedish Financial Supervisory Authority"
1041176,"Finland - Financial Supervision Authority"
1041176,"Netherlands - The Netherlands Authority for the Financial Markets"
1041176,"Liechtenstein - Financial Market Authority"
1041176,"Luxembourg, Grand Duchy of - Commission to Surveillance of the Finance Sector"
1041176,"France - Financial Markets Authority"
1041176,"Germany - German Federal Financial Supervisory Agency"
1041176,"Austria - Financial Market Authority"
1041176,"Belgium - Banking, Finance and Insurance Commission"
1041176,"Other: FINANTSINSPEKTSIOON, ESTONIA"
1041176,"Italy - National Stock Exchange Commission"
1041176,"Spain - National Commission of Securities Markets"
1041176,"Ireland -  Central Bank of Ireland"
1041176,"Portugal - Securities Market Commission"
1041176,"Norway - The Banking, Insurance and Securities Commission"
1041176,"Dubai - Dubai Financial Services Authority"
1029742,"Ireland -  Central Bank of Ireland"
1029742,"Canada - Alberta Securities Commission"
1029742,"Canada - British Columbia Securities Commission"
1029742,"Canada - Manitoba Securities Commission"
1029742,"Canada - Quebec, Financial Markets Authority"
1029742,"Canada - Ontario Securities Commission"
1030647,"United Kingdom - Financial Conduct Authority"
1020876,"Other: SOUTH KOREA - FINANCIAL SERVICES COMMISSION/FINANCIAL SUPERVISORY SERVICE"
1020876,"India - Securities and Exchange Board of India"
1030841,"Other: COMMONWEALTH OF THE NORTHERN MARIANA ISLANDS"
1030841,"Other: GOVERNMENT OF GUAM - DEPARTMENT OF REVENUE AND TAXATION"
1033954,"Canada - Ontario Securities Commission"
1034544,"Australia - Australian Securities and Investments Commission"
1034544,"Canada - Quebec, Financial Markets Authority"
1034544,"Canada - Ontario Securities Commission"
1034544,"Canada - Alberta Securities Commission"
1034544,"Canada - British Columbia Securities Commission"
1034544,"Canada - Manitoba Securities Commission"
1034544,"Canada - New Brunswick Securities Commission"
1034544,"Canada - Nova Scotia Securities Commission"
1032901,"United Kingdom - Financial Conduct Authority"
1038764,"Ireland -  Central Bank of Ireland"
1038732,"Canada - Ontario Securities Commission"
1038732,"Singapore - Monetary Authority of Singapore"
1038433,"United Kingdom - Financial Conduct Authority"
1038554,"Sweden - Swedish Financial Supervisory Authority"
1039842,"Germany - German Federal Financial Supervisory Agency"
1039842,"Ireland -  Central Bank of Ireland"
1039842,"United Kingdom - Financial Conduct Authority"
1039842,"Sweden - Swedish Financial Supervisory Authority"
1039842,"Luxembourg, Grand Duchy of - Commission to Surveillance of the Finance Sector"
1039842,"Other: NORWAY- FINANCIAL SUPERVISORY AUTHORITY"
1040039,"Canada - Ontario Securities Commission"
1040039,"Ireland -  Central Bank of Ireland"
1040039,"Australia - Australian Securities and Investments Commission"
1040039,"Canada - Quebec, Financial Markets Authority"
1040039,"Canada - British Columbia Securities Commission"
1040039,"Canada - Alberta Securities Commission"
1040039,"Netherlands - The Netherlands Authority for the Financial Markets"
1040039,"Other: IRELAND - IRISH FINANCIAL SERVICES REGULATORY AUTHORITY"
1040039,"Canada - Nova Scotia Securities Commission"
1040039,"Canada - Manitoba Securities Commission"
1040039,"Other: CANADA - NEW BRUNSWICK FINANCIAL AND CONSUMER SERVICES COMMISSION"
1040039,"South Korea - Financial Supervisory Commission / Financial Supervisory Service"
1041919,"Other: VEREIN ZUR QUALITATSSICHERUNG VON FINANZDIENSTLEISTUNGEN (VQF) ADDRESS: BAARERSTRASSE 112 6300 ZUG, SWITZERLAND"
1042025,"India - Securities and Exchange Board of India"
1041744,"Canada - Quebec, Financial Markets Authority"
1041744,"Canada - Ontario Securities Commission"
1041744,"Canada - British Columbia Securities Commission"
1041744,"Canada - Nova Scotia Securities Commission"
1041744,"Canada - New Brunswick Securities Commission"
1041744,"Canada - Alberta Securities Commission"
1041430,"Hong Kong - Securities and Futures Commission"
1042866,"Ireland -  Central Bank of Ireland"
1034334,"Hong Kong - Securities and Futures Commission"
1035635,"United Kingdom - Financial Conduct Authority"
1034278,"South Korea - Financial Supervisory Commission / Financial Supervisory Service"
1038867,"Canada - British Columbia Securities Commission"
1038867,"Canada - Alberta Securities Commission"
1038867,"Canada - Manitoba Securities Commission"
1038867,"Canada - New Brunswick Securities Commission"
1038867,"Canada - Newfoundland and Labrador, Financial Services Regulation Division"
1038867,"Canada - Northwest Territories, Office of the Registrar of Securities"
1038867,"Canada - Nova Scotia Securities Commission"
1038867,"Canada - Nunavut, Registrar of Securities"
1038867,"Canada - Ontario Securities Commission"
1038867,"Canada - Prince Edward Island, Securities Office"
1038867,"Canada - Quebec, Financial Markets Authority"
1038867,"Canada - Saskatchewan Financial Services Commission"
1038867,"Canada - Yukon Territories, Registrar of Securities"
1038895,"Ireland -  Central Bank of Ireland"
1037791,"Canada - Ontario Securities Commission"
1037791,"Canada - Quebec, Financial Markets Authority"
1029933,"Australia - Australian Securities and Investments Commission"
1030052,"Ireland -  Central Bank of Ireland"
1030052,"China, People's Republic of - China Securities Regulatory Commission "
1034567,"Bermuda - Bermuda Monetary Authority"
1040677,"Switzerland - Swiss Financial Market Supervisory Authority"
1042329,"United Kingdom - Financial Conduct Authority"
1022819,"Canada - Nova Scotia Securities Commission"
1022819,"United Kingdom - Financial Conduct Authority"
1022819,"Canada - Ontario Securities Commission"
1022819,"Canada - Quebec, Financial Markets Authority"
1022819,"Ireland -  Central Bank of Ireland"
1022819,"Australia - Australian Securities and Investments Commission"
1031151,"Japan - Financial Services Agency"
1033166,"South Africa - Financial Services Board"
1033166,"United Kingdom - Financial Conduct Authority"
1030232,"Ireland -  Central Bank of Ireland"
1036332,"United Kingdom - Financial Conduct Authority"
1036332,"Ireland -  Central Bank of Ireland"
1041157,"Australia - Australian Securities and Investments Commission"
1041157,"Ireland -  Central Bank of Ireland"
1041157,"India - Securities and Exchange Board of India"
1041157,"China, People's Republic of - China Securities Regulatory Commission "
1041157,"Canada - Ontario Securities Commission"
1041157,"Canada - British Columbia Securities Commission"
1041157,"United Kingdom - Financial Conduct Authority"
1041157,"Canada - Alberta Securities Commission"
1041157,"Canada - Quebec, Financial Markets Authority"
1041157,"Other: KOREA FINANCIAL SERVICES COMMISSION"
1041157,"Canada - Nova Scotia Securities Commission"
1041157,"South Africa - Financial Services Board"
1043081,"Hong Kong - Securities and Futures Commission"
1043081,"United Kingdom - Financial Conduct Authority"
1043087,"United Kingdom - Financial Conduct Authority"
1043088,"Guernsey - Guernsey Financial Services Commission"
1041317,"Cayman Islands - Cayman Islands Monetary Authority"
1041317,"Other: HPS INVESTMENT PARTNERS (UK) LLP (RELYING ADVISER) - UNITED KINGDOM - FINANCIAL CONDUCT AUTHORITY"
1042330,"United Kingdom - Financial Conduct Authority"
1042339,"Netherlands - The Netherlands Authority for the Financial Markets"
1040441,"Canada - Ontario Securities Commission"
1040441,"Singapore - Monetary Authority of Singapore"
1043190,"Hong Kong - Securities and Futures Commission"
1043190,"China, People's Republic of - China Securities Regulatory Commission "
1023555,"United Kingdom - Financial Conduct Authority"
1028338,"Ireland -  Central Bank of Ireland"
1014911,"Australia - Australian Securities and Investments Commission"
1030061,"Other: COMMONWEALTH OF THE NORTHERN MARIANA ISLANDS"
1030061,"Other: GOVERNMENT OF GUAM - DEPARTMENT OF REVENUE AND TAXATION"
1033557,"Hong Kong - Securities and Futures Commission"
1024073,"Other: ORGANISMO DI AUTODISCIPLINA DEI FIDUCIARI DEL CANTONE TICINO (OAD FCT)"
1041990,"India - Securities and Exchange Board of India"
1041990,"South Korea - Financial Supervisory Commission / Financial Supervisory Service"
1041990,"China, People's Republic of - China Securities Regulatory Commission "
1028740,"Canada - Alberta Securities Commission"
1028740,"Ireland -  Central Bank of Ireland"
1028740,"Canada - Nova Scotia Securities Commission"
1028740,"Canada - Ontario Securities Commission"
1028740,"Netherlands - The Netherlands Authority for the Financial Markets"
1028740,"Canada - Quebec, Financial Markets Authority"
1028740,"Canada - British Columbia Securities Commission"
1028740,"Canada - Manitoba Securities Commission"
1028740,"Canada - Saskatchewan Financial Services Commission"
1028740,"United Kingdom - Financial Conduct Authority"
1028727,"Hong Kong - Securities and Futures Commission"
1022040,"United Kingdom - Financial Conduct Authority"
1031037,"United Kingdom - Financial Conduct Authority"
1033874,"United Kingdom - Financial Conduct Authority"
1034130,"Canada - Ontario Securities Commission"
1034130,"Taiwan - Financial Supervisory Commission"
1034130,"India - Securities and Exchange Board of India"
1034130,"Ireland -  Central Bank of Ireland"
1034130,"Netherlands - The Netherlands Authority for the Financial Markets"
1016346,"Canada - Quebec, Financial Markets Authority"
1016346,"Canada - Alberta Securities Commission"
1016346,"Canada - British Columbia Securities Commission"
1016346,"Canada - Manitoba Securities Commission"
1016346,"Canada - New Brunswick Securities Commission"
1016346,"Canada - Nova Scotia Securities Commission"
1016346,"Canada - Ontario Securities Commission"
1016346,"Canada - Saskatchewan Financial Services Commission"
1028691,"Hong Kong - Securities and Futures Commission"
1028691,"Ireland -  Central Bank of Ireland"
1038835,"South Korea - Financial Supervisory Commission / Financial Supervisory Service"
1039676,"British Virgin Islands - British Virgin Islands Financial Services Commission"
1039676,"Hong Kong - Securities and Futures Commission"
1040789,"Australia - Australian Securities and Investments Commission"
1040817,"South Korea - Financial Supervisory Commission / Financial Supervisory Service"
1028155,"Other: LONE STAR GLOBAL ACQUISITIONS, LTD., THE RELYING ADVISER, IS REGISTERED WITH THE BERMUDA MONETARY AUTHORITY"
1041428,"Other: DE NEDERLANDSCHE BANK, NV NETHERLANDS"
1041428,"Other: DUBAI MERCANTILE EXCHANGE, DUBAI"
1027492,"Other: JAPAN - KANTO LOCAL FINANCE BUREAU"
1027492,"Japan - Financial Services Agency"
1027492,"Dubai - Dubai Financial Services Authority"
1027492,"South Africa - Financial Services Board"
1027492,"South Korea - Financial Supervisory Commission / Financial Supervisory Service"
1027492,"United Kingdom - Financial Conduct Authority"
1027495,"Hong Kong - Securities and Futures Commission"
1027509,"Canada - Ontario Securities Commission"
1027509,"Canada - British Columbia Securities Commission"
1027509,"Canada - Manitoba Securities Commission"
1027509,"Canada - Quebec, Financial Markets Authority"
1027509,"India - Securities and Exchange Board of India"
1027509,"Canada - Alberta Securities Commission"
1027509,"Canada - New Brunswick Securities Commission"
1027509,"Canada - Nova Scotia Securities Commission"
1026788,"Dubai - Dubai Financial Services Authority"
1006442,"Canada - Saskatchewan Financial Services Commission"
1006442,"Canada - Quebec, Financial Markets Authority"
1006442,"Canada - Ontario Securities Commission"
1026744,"Ireland -  Central Bank of Ireland"
1026744,"Hong Kong - Securities and Futures Commission"
1026744,"South Korea - Financial Supervisory Commission / Financial Supervisory Service"
1031430,"Hong Kong - Securities and Futures Commission"
1031430,"South Korea - Financial Supervisory Commission / Financial Supervisory Service"
1033656,"France - Financial Markets Authority"
1036255,"South Korea - Financial Supervisory Commission / Financial Supervisory Service"
1036255,"Singapore - Monetary Authority of Singapore"
1036255,"India - Securities and Exchange Board of India"
1036255,"Australia - Australian Securities and Investments Commission"
1036255,"Japan - Financial Services Agency"
1036255,"China, People's Republic of - China Securities Regulatory Commission "
1042264,"United Kingdom - Financial Conduct Authority"
1042923,"Canada - British Columbia Securities Commission"
1042923,"Canada - Alberta Securities Commission"
1042923,"Canada - Quebec, Financial Markets Authority"
1042923,"Canada - Ontario Securities Commission"
1042472,"Cayman Islands - Cayman Islands Monetary Authority"
1019427,"United Kingdom - Financial Conduct Authority"
1033559,"Japan - Financial Services Agency"
1034548,"Cayman Islands - Cayman Islands Monetary Authority"
1035458,"Australia - Australian Securities and Investments Commission"
1035458,"India - Securities and Exchange Board of India"
1035316,"Other: CENTRAL BANK OF IRELAND - FINANCIAL INSTITUTIONS & FUNDS AUTHORISATION"
1034311,"United Kingdom - Financial Conduct Authority"
1041889,"Canada - Quebec, Financial Markets Authority"
1041889,"Canada - Ontario Securities Commission"
1041889,"Canada - Manitoba Securities Commission"
1032676,"Canada - British Columbia Securities Commission"
1032676,"Canada - Ontario Securities Commission"
1032676,"Canada - Quebec, Financial Markets Authority"
1032676,"Canada - Nova Scotia Securities Commission"
1032676,"Canada - Alberta Securities Commission"
1036070,"Other: COMMONWEALTH OF THE NORTHERN MARIANA ISLANDS"
1036070,"Other: GOVERNMENT OF GUAM - DEPARTMENT OF REVENUE AND TAXATION"
1041669,"Canada - Quebec, Financial Markets Authority"
1041669,"Canada - Ontario Securities Commission"
1041669,"Canada - Manitoba Securities Commission"
1028698,"Cayman Islands - Cayman Islands Stock Exchange Authority"
1027904,"United Kingdom - Financial Conduct Authority"
1031195,"Other: COMMONWEALTH OF THE NORTHERN MARIANA ISLANDS"
1031195,"Other: GOVERNMENT OF GUAM - DEPARTMENT OF REVENUE AND TAXATION"
1031843,"Japan - Financial Services Agency"
1034870,"Canada - British Columbia Securities Commission"
1034870,"Canada - Nova Scotia Securities Commission"
1034870,"Canada - Alberta Securities Commission"
1034870,"Canada - Quebec, Financial Markets Authority"
1034870,"Canada - Ontario Securities Commission"
1034870,"Other: IRELAND - IRISH FINANCIAL SERVICES REGULATORY AUTHORITY"
1035528,"Canada - British Columbia Securities Commission"
1035528,"Canada - Nova Scotia Securities Commission"
1035528,"Canada - Alberta Securities Commission"
1035528,"Canada - Quebec, Financial Markets Authority"
1035528,"Canada - Ontario Securities Commission"
1035528,"Other: IRELAND - IRISH FINANCIAL SERVICES REGULATORY AUTHORITY"
1037050,"Canada - Ontario Securities Commission"
1038741,"Australia - Australian Securities and Investments Commission"
1038741,"India - Securities and Exchange Board of India"
1038517,"United Kingdom - Financial Conduct Authority"
1038517,"Dubai - Dubai Financial Services Authority"
1038517,"South Africa - Financial Services Board"
1038517,"Other: ITALY - COMMISSIONE NAZIONALE PER LE SOCIETÀ E LA BORSA"
1038517,"Germany - German Federal Financial Supervisory Agency"
1038517,"Netherlands - The Netherlands Authority for the Financial Markets"
1043285,"Canada - Ontario Securities Commission"
1036510,"Other: CANADIAN EXEMPTION: ALBERTA, BRITISH COLUMBIA, MANITOBA, NEW BRUNSWICK, NEWFOUNDLAND, NOVA SCOTIA, ONTARIO, QUEBEC, SASKATCHEWAN"
1036510,"India - Securities and Exchange Board of India"
1036510,"Other: AUSTRALIAN SECURITIES & INVESTMENTS COMMISSION (NOTICE FILING PURSUANT TO ASIC CLASS ORDER CO  03/1100)"
1036510,"Other: THE NETHERLANDS AUTHORITY FOR THE FINANCIAL MARKETS (NOTICE FILING REGARDING SECTION 10 EXEMPTED COMPANY)"
1036510,"Other: SINGAPORE MONETARY AUTHORITY (APPROVAL OF PARAGRAPH 9 ARRANGEMENT UNDER SFA 289)"
1036510,"Other: CANADIAN INTERNATIONAL INVESTMENT FUND MANAGER EXEMPTION:  NEWFOUNDLAND AND LABRADOR, ONTARIO, QUEBEC"
1036510,"South Korea - Financial Supervisory Commission / Financial Supervisory Service"
1030228,"United Kingdom - Financial Conduct Authority"
1020880,"India - Securities and Exchange Board of India"
1027869,"Canada - Ontario Securities Commission"
1027869,"Canada - British Columbia Securities Commission"
1027869,"Other: JAPAN - KANTO LOCAL FINANCIAL BUREAU"
1027869,"Canada - Quebec, Financial Markets Authority"
1027869,"Canada - Alberta Securities Commission"
1031368,"Other: AUSTRALIA - AUSTRALIAN PRUDENTIAL REGULATORY AUTHORITY"
1031368,"South Korea - Financial Supervisory Commission / Financial Supervisory Service"
1031368,"India - Securities and Exchange Board of India"
1031368,"Australia - Australian Securities and Investments Commission"
1031368,"Canada - Ontario Securities Commission"
1031220,"Canada - Ontario Securities Commission"
1031220,"Canada - Alberta Securities Commission"
1031220,"Canada - Manitoba Securities Commission"
1031220,"Other: CANADA - FINANCIAL AND CONSUMER SERVICES COMMISSION, NEW BRUNSWICK"
1031220,"Canada - Nova Scotia Securities Commission"
1031220,"Other: CANADA - FINANCIAL AND CONSUMER AFFAIRS AUTHORITY OF SASKATCHEWAN"
1031220,"Canada - British Columbia Securities Commission"
1031220,"Other: CANADA - OFFICE OF THE SUPERINTENDENT OF SECURITIES, NORTHWEST TERRITORIES"
1031220,"Other: CANADA - AUTORITÉ DES MARCHES FINANCIERS"
1032039,"Ireland -  Central Bank of Ireland"
1031427,"Germany - German Federal Financial Supervisory Agency"
1031427,"Other: GERMANY - GERMAN FEDERAL BANK (DEUTSCHE BUNDESBANK)"
1034160,"Other: COMMONWEALTH OF THE NORTHERN MARIANA ISLANDS"
1034160,"Other: GOVERNMENT OF GUAM - DEPARTMENT OF REVENUE AND TAXATION"
1033672,"Canada - British Columbia Securities Commission"
1033672,"Canada - Manitoba Securities Commission"
1033672,"Ireland -  Central Bank of Ireland"
1033672,"Canada - New Brunswick Securities Commission"
1033672,"Canada - Prince Edward Island, Securities Office"
1033672,"Canada - Quebec, Financial Markets Authority"
1033672,"Canada - Saskatchewan Financial Services Commission"
1033672,"Canada - Alberta Securities Commission"
1033672,"Canada - Nova Scotia Securities Commission"
1033672,"Canada - Ontario Securities Commission"
1033672,"Canada - Newfoundland and Labrador, Financial Services Regulation Division"
1034333,"Cayman Islands - Cayman Islands Monetary Authority"
1034551,"United Kingdom - Financial Conduct Authority"
1035573,"Australia - Australian Securities and Investments Commission"
1037447,"United Kingdom - Financial Conduct Authority"
1037714,"Ireland -  Central Bank of Ireland"
1037714,"China, People's Republic of - China Securities Regulatory Commission "
1039204,"United Kingdom - Financial Conduct Authority"
1040024,"Ireland -  Central Bank of Ireland"
1038997,"United Kingdom - Financial Conduct Authority"
1029052,"Singapore - Monetary Authority of Singapore"
1029052,"India - Securities and Exchange Board of India"
1029052,"China, People's Republic of - China Securities Regulatory Commission "
1029052,"South Korea - Financial Supervisory Commission / Financial Supervisory Service"
1025164,"Canada - Ontario Securities Commission"
1025199,"Netherlands - The Netherlands Authority for the Financial Markets"
1025375,"Canada - Ontario Securities Commission"
1027305,"Australia - Australian Securities and Investments Commission"
1031384,"Canada - Ontario Securities Commission"
1031384,"Canada - Alberta Securities Commission"
1033561,"Canada - Alberta Securities Commission"
1033561,"Canada - Ontario Securities Commission"
1033561,"Other: DUBAI - DUBAI MERCANTILE EXCHANGE"
1033561,"Canada - Quebec, Financial Markets Authority"
1033561,"Canada - British Columbia Securities Commission"
1032686,"Other: ARIF - ASSOCIATION ROMANDE DES INTERMEDAIRES FINANCIERS"
1034731,"Ireland -  Central Bank of Ireland"
1034731,"Canada - Ontario Securities Commission"
1036678,"Canada - Manitoba Securities Commission"
1036678,"Canada - Nova Scotia Securities Commission"
1036678,"Canada - New Brunswick Securities Commission"
1036678,"Canada - Ontario Securities Commission"
1036678,"Canada - British Columbia Securities Commission"
1036678,"Canada - Newfoundland and Labrador, Financial Services Regulation Division"
1036678,"Canada - Saskatchewan Financial Services Commission"
1036678,"Canada - Alberta Securities Commission"
1036678,"Canada - Quebec, Financial Markets Authority"
1036741,"Singapore - Monetary Authority of Singapore"
1018364,"Canada - Ontario Securities Commission"
1018364,"Canada - Quebec, Financial Markets Authority"
1018364,"Canada - British Columbia Securities Commission"
1038057,"Australia - Australian Securities and Investments Commission"
1039768,"United Kingdom - Financial Conduct Authority"
1039735,"United Kingdom - Financial Conduct Authority"
1041832,"Isle of Man - Financial Supervision Commission"
1042363,"Egypt - Capital Market Authority"
1040468,"Canada - Quebec, Financial Markets Authority"
1040468,"Canada - British Columbia Securities Commission"
1040468,"Canada - Manitoba Securities Commission"
1040468,"Canada - New Brunswick Securities Commission"
1040468,"Canada - Nova Scotia Securities Commission"
1040468,"Canada - Ontario Securities Commission"
1040468,"Canada - Alberta Securities Commission"
1040468,"Canada - Saskatchewan Financial Services Commission"
1041432,"Japan - Financial Services Agency"
1041427,"Ireland -  Central Bank of Ireland"
1041427,"United Kingdom - Financial Conduct Authority"
1020569,"United Kingdom - Financial Conduct Authority"
1020569,"Australia - Australian Securities and Investments Commission"
1030004,"Canada - Ontario Securities Commission"
1030004,"Canada - Alberta Securities Commission"
1031234,"Denmark - Danish Financial Supervisory Authority"
1031234,"Sweden - Swedish Financial Supervisory Authority"
1032932,"Cayman Islands - Cayman Islands Monetary Authority"
1040978,"Australia - Australian Securities and Investments Commission"
1040134,"Other: UNITED KINGDOM - FINANCIAL CONDUCT AUTHORITY ""FCA"""
1028992,"Canada - Ontario Securities Commission"
1042142,"Canada - Alberta Securities Commission"
1042142,"Canada - Ontario Securities Commission"
1042142,"Other: DUBAI - DUBAI MERCANTILE EXCHANGE"
1042142,"Canada - Quebec, Financial Markets Authority"
1042142,"Canada - British Columbia Securities Commission"
1028293,"United Kingdom - Financial Conduct Authority"
1028986,"Cyprus, Republic of - Cyprus Securities and Exchange Commission"
1031277,"Canada - Newfoundland and Labrador, Financial Services Regulation Division"
1031277,"Canada - Alberta Securities Commission"
1031277,"Canada - New Brunswick Securities Commission"
1031277,"Canada - Ontario Securities Commission"
1031277,"Canada - Nova Scotia Securities Commission"
1031277,"Australia - Australian Securities and Investments Commission"
1031277,"Canada - Prince Edward Island, Securities Office"
1031277,"Canada - Saskatchewan Financial Services Commission"
1031277,"Canada - Quebec, Financial Markets Authority"
1031655,"Switzerland - Swiss Financial Market Supervisory Authority"
1030688,"Switzerland - Swiss Financial Market Supervisory Authority"
1034596,"United Kingdom - Financial Conduct Authority"
1038916,"United Kingdom - Financial Conduct Authority"
1040010,"South Korea - Financial Supervisory Commission / Financial Supervisory Service"
1040031,"United Kingdom - Financial Conduct Authority"
1036786,"Switzerland - Swiss Financial Market Supervisory Authority"
1041552,"Canada - Ontario Securities Commission"
1041640,"Hong Kong - Securities and Futures Commission"
1027766,"Canada - Ontario Securities Commission"
1028596,"United Kingdom - Financial Conduct Authority"
1029147,"Canada - Nova Scotia Securities Commission"
1029147,"United Kingdom - Financial Conduct Authority"
1029147,"Canada - Ontario Securities Commission"
1029147,"Canada - Quebec, Financial Markets Authority"
1029147,"Ireland -  Central Bank of Ireland"
1029147,"Australia - Australian Securities and Investments Commission"
1034103,"South Africa - Financial Services Board"
1034103,"United Kingdom - Financial Conduct Authority"
1037088,"Mauritius, Republic of - Financial Services Commission"
1037088,"Singapore - Monetary Authority of Singapore"
1037059,"Ireland -  Central Bank of Ireland"
1037059,"Belgium - Banking, Finance and Insurance Commission"
1021260,"Belgium - Banking, Finance and Insurance Commission"
1041020,"Singapore - Monetary Authority of Singapore"
1041020,"United Kingdom - Financial Conduct Authority"
1039590,"Canada - Ontario Securities Commission"
1039814,"United Kingdom - Financial Conduct Authority"
1041948,"Canada - Ontario Securities Commission"
1030650,"India - Securities and Exchange Board of India"
1018457,"United Kingdom - Financial Conduct Authority"
1027570,"Ireland -  Central Bank of Ireland"
1027570,"United Kingdom - Financial Conduct Authority"
1027332,"Cayman Islands - Cayman Islands Monetary Authority"
1029937,"Dubai - Dubai Financial Services Authority"
1029937,"Other: SWISS FEDERAL BANKING COMMISSION"
1029937,"Other: SWISS NATIONAL BANK"
1029937,"Other: SUPERINTENDENCIA FINANCIERA DE COLOMBIA"
1029937,"Australia - Australian Securities and Investments Commission"
1029937,"China, People's Republic of - China Securities Regulatory Commission "
1029937,"Taiwan - Financial Supervisory Commission"
1029937,"Other: TAIWAN - THE CENTRAL BANK OF REPUBLIC OF CHINA"
1029937,"India - Securities and Exchange Board of India"
1029937,"Singapore - Monetary Authority of Singapore"
1029937,"Italy - National Stock Exchange Commission"
1033156,"Cayman Islands - Cayman Islands Monetary Authority"
1033624,"Switzerland - Swiss Financial Market Supervisory Authority"
1034161,"Australia - Australian Securities and Investments Commission"
1034161,"Ireland -  Central Bank of Ireland"
1034161,"India - Securities and Exchange Board of India"
1034161,"China, People's Republic of - China Securities Regulatory Commission "
1034161,"Canada - Ontario Securities Commission"
1034161,"Canada - British Columbia Securities Commission"
1034161,"United Kingdom - Financial Conduct Authority"
1034161,"Canada - Alberta Securities Commission"
1034161,"Canada - Quebec, Financial Markets Authority"
1034161,"Other: KOREA FINANCIAL SERVICES COMMISSION"
1034161,"Canada - Nova Scotia Securities Commission"
1018414,"Other: ASSOCIATION ROMANDE DES INTERMÉDIAIRES FINANCIERS (ARIF) - SWITZERLAND"
1040182,"United Kingdom - Financial Conduct Authority"
1042597,"Canada - Ontario Securities Commission"
1042597,"Ireland -  Central Bank of Ireland"
1042597,"Canada - Quebec, Financial Markets Authority"
1042597,"Canada - Alberta Securities Commission"
1042597,"Canada - British Columbia Securities Commission"
1026994,"Canada - Quebec, Financial Markets Authority"
1026994,"Australia - Australian Securities and Investments Commission"
1026994,"Canada - British Columbia Securities Commission"
1026994,"Canada - Ontario Securities Commission"
1027488,"Canada - Ontario Securities Commission"
1027488,"Canada - British Columbia Securities Commission"
1027488,"Canada - Manitoba Securities Commission"
1027488,"Canada - Alberta Securities Commission"
1027488,"Canada - Saskatchewan Financial Services Commission"
1027488,"Canada - Quebec, Financial Markets Authority"
1027488,"Canada - New Brunswick Securities Commission"
1027488,"Canada - Nova Scotia Securities Commission"
1027488,"Canada - Newfoundland and Labrador, Financial Services Regulation Division"
1027488,"Canada - Prince Edward Island, Securities Office"
1021223,"Other: FINANCIAL SERVICES STANDARDS ASSOCIATION (VQF) AN SRO IN SWITZERLAND"
1029436,"Canada - Ontario Securities Commission"
1029436,"Canada - Quebec, Financial Markets Authority"
1033839,"Other: UNITED KINGDOM - FINANCIAL CONDUCT AUTHORITY"
1033839,"Canada - Manitoba Securities Commission"
1033839,"Canada - Ontario Securities Commission"
1033839,"Canada - Alberta Securities Commission"
1036423,"Canada - Ontario Securities Commission"
1032619,"Canada - Ontario Securities Commission"
1032619,"Canada - British Columbia Securities Commission"
1032619,"Australia - Australian Securities and Investments Commission"
1032619,"Canada - Quebec, Financial Markets Authority"
1032619,"China, People's Republic of - China Securities Regulatory Commission "
1032619,"Sweden - Swedish Financial Supervisory Authority"
1032619,"Norway - The Banking, Insurance and Securities Commission"
1041294,"Ireland -  Central Bank of Ireland"
1041294,"United Kingdom - Financial Conduct Authority"
1039425,"Australia - Australian Securities and Investments Commission"
1028560,"Other: COLOMBIA - FINANCE SUPERINTENDENCE OF COLOMBIA"
1030171,"Singapore - Monetary Authority of Singapore"
1030171,"Ireland -  Central Bank of Ireland"
1025660,"United Kingdom - Financial Conduct Authority"
1030815,"Canada - Ontario Securities Commission"
1030815,"Canada - Quebec, Financial Markets Authority"
1030815,"Canada - Alberta Securities Commission"
1030815,"Canada - Newfoundland and Labrador, Financial Services Regulation Division"
1031541,"Australia - Australian Securities and Investments Commission"
1034383,"Israel - Israel Securities Authority"
1034383,"Canada - Ontario Securities Commission"
1034383,"Canada - Quebec, Financial Markets Authority"
1034524,"South Korea - Financial Supervisory Commission / Financial Supervisory Service"
1035038,"United Kingdom - Financial Conduct Authority"
1018846,"United Kingdom - Financial Conduct Authority"
1041616,"Canada - Alberta Securities Commission"
1041616,"Canada - Ontario Securities Commission"
1041616,"Other: DUBAI - DUBAI MERCANTILE EXCHANGE"
1041616,"Canada - Quebec, Financial Markets Authority"
1041616,"Canada - British Columbia Securities Commission"
1041898,"Australia - Australian Securities and Investments Commission"
1041898,"Canada - Ontario Securities Commission"
1041898,"United Kingdom - Financial Conduct Authority"
1041898,"Ireland -  Central Bank of Ireland"
1041898,"Canada - Alberta Securities Commission"
1029890,"Other: DE NEDERLANDSCHE BANK, NV NETHERLANDS"
1029890,"Other: DUBAI MERCANTILE EXCHANGE, DUBAI"
1029914,"Mauritius, Republic of - Financial Services Commission"
1029914,"India - Securities and Exchange Board of India"
1030383,"India - Securities and Exchange Board of India"
1030383,"Canada - British Columbia Securities Commission"
1030383,"Canada - Ontario Securities Commission"
1030383,"Canada - Quebec, Financial Markets Authority"
1030446,"France - Financial Markets Authority"
1030486,"Canada - Alberta Securities Commission"
1030486,"Canada - Ontario Securities Commission"
1030486,"Other: DUBAI - DUBAI MERCANTILE EXCHANGE"
1030486,"Canada - Quebec, Financial Markets Authority"
1030486,"Canada - British Columbia Securities Commission"
1030778,"United Kingdom - Financial Conduct Authority"
1030778,"Germany - German Federal Financial Supervisory Agency"
1030778,"Netherlands - The Netherlands Authority for the Financial Markets"
1030778,"South Africa - Financial Services Board"
1031842,"Japan - Financial Services Agency"
1032120,"Hong Kong - Securities and Futures Commission"
1036542,"United Kingdom - Financial Conduct Authority"
1036881,"United Kingdom - Financial Conduct Authority"
1038746,"Canada - Ontario Securities Commission"
1038746,"Canada - Manitoba Securities Commission"
1038746,"Canada - Saskatchewan Financial Services Commission"
1038746,"Canada - British Columbia Securities Commission"
1038746,"Canada - Alberta Securities Commission"
1038746,"Canada - Quebec, Financial Markets Authority"
1038746,"Canada - Newfoundland and Labrador, Financial Services Regulation Division"
1038937,"Singapore - Monetary Authority of Singapore"
1039693,"United Kingdom - Financial Conduct Authority"
1030456,"Japan - Financial Services Agency"
1030456,"South Korea - Financial Supervisory Commission / Financial Supervisory Service"
1028643,"Canada - Ontario Securities Commission"
1029167,"Canada - British Columbia Securities Commission"
1029167,"Canada - Ontario Securities Commission"
1029167,"Canada - Nova Scotia Securities Commission"
1029167,"Canada - Manitoba Securities Commission"
1029167,"Canada - Alberta Securities Commission"
1029167,"Canada - Quebec, Financial Markets Authority"
1029167,"Canada - Saskatchewan Financial Services Commission"
1028415,"Netherlands - The Netherlands Authority for the Financial Markets"
1028415,"South Korea - Financial Supervisory Commission / Financial Supervisory Service"
1029658,"British Virgin Islands - British Virgin Islands Financial Services Commission"
1029658,"Hong Kong - Securities and Futures Commission"
1034967,"Netherlands - The Netherlands Authority for the Financial Markets"
1036785,"United Kingdom - Financial Conduct Authority"
1036799,"United Kingdom - Financial Conduct Authority"
1040277,"Australia - Australian Securities and Investments Commission"
1040000,"Ireland -  Central Bank of Ireland"
1040000,"United Kingdom - Financial Conduct Authority"
1033781,"Ireland -  Central Bank of Ireland"
1033781,"Australia - Australian Securities and Investments Commission"
1042061,"Hong Kong - Securities and Futures Commission"
1029662,"Denmark - Danish Financial Supervisory Authority"
1029662,"Sweden - Swedish Financial Supervisory Authority"
1027378,"Ireland -  Central Bank of Ireland"
1027378,"China, People's Republic of - China Securities Regulatory Commission "
1030889,"United Kingdom - Financial Conduct Authority"
1031665,"British Virgin Islands - British Virgin Islands Financial Services Commission"
1028911,"United Kingdom - Financial Conduct Authority"
1034549,"Hong Kong - Securities and Futures Commission"
1034291,"Canada - Ontario Securities Commission"
1037014,"Canada - Ontario Securities Commission"
1036861,"India - Securities and Exchange Board of India"
1039641,"United Kingdom - Financial Conduct Authority"
1039679,"South Korea - Financial Supervisory Commission / Financial Supervisory Service"
1041598,"Other: VEREIN ZUR QUALITATSSICHERUNG VON FINANZDIENSTLEISTUNGEN (VQF) ADDRESS: BAARERSTRASSE 112 6300 ZUG, SWITZERLAND"
1041915,"Other: VEREIN ZUR QUALITATSSICHERUNG VON FINANZDIENSTLEISTUNGEN (VQF) ADDRESS: BAARERSTRASSE 112 6300 ZUG, SWITZERLAND"
1042301,"United Kingdom - Financial Conduct Authority"
1029063,"Other: KOREA-FINANCIAL SERVICES COMMISSION"
1029243,"United Kingdom - Financial Conduct Authority"
1031045,"Canada - Quebec, Financial Markets Authority"
1031045,"Canada - Ontario Securities Commission"
1031584,"Hong Kong - Securities and Futures Commission"
1031611,"Ireland -  Central Bank of Ireland"
1021381,"India - Securities and Exchange Board of India"
1034530,"South Korea - Financial Supervisory Commission / Financial Supervisory Service"
1035569,"United Kingdom - Financial Conduct Authority"
1035569,"Dubai - Dubai Financial Services Authority"
1035569,"South Africa - Financial Services Board"
1035569,"Other: ITALY - COMMISSIONE NAZIONALE PER LE SOCIETÀ E LA BORSA"
1035569,"Germany - German Federal Financial Supervisory Agency"
1035569,"Netherlands - The Netherlands Authority for the Financial Markets"
1039750,"United Kingdom - Financial Conduct Authority"
1039715,"Liechtenstein - Financial Market Authority"
1041665,"Canada - Quebec, Financial Markets Authority"
1041665,"Canada - Ontario Securities Commission"
1041665,"Canada - Manitoba Securities Commission"
1028095,"Japan - Financial Services Agency"
1028102,"Canada - Alberta Securities Commission"
1028102,"Canada - Ontario Securities Commission"
1028102,"Other: DUBAI - DUBAI MERCANTILE EXCHANGE"
1028102,"Canada - Quebec, Financial Markets Authority"
1028102,"Canada - British Columbia Securities Commission"
1028026,"United Kingdom - Financial Conduct Authority"
1031187,"Netherlands - The Netherlands Authority for the Financial Markets"
1031187,"South Korea - Financial Supervisory Commission / Financial Supervisory Service"
1031620,"Japan - Financial Services Agency"
1033184,"Germany - German Federal Financial Supervisory Agency"
1033184,"Other: GERMANY - GERMAN FEDERAL BANK (DEUTSCHE BUNDESBANK)"
1035890,"Other: DE NEDERLANDSCHE BANK, NV NETHERLANDS"
1035890,"Other: DUBAI MERCANTILE EXCHANGE, DUBAI"
1039247,"Switzerland - Swiss Financial Market Supervisory Authority"
1039877,"Other: COMMONWEALTH OF THE NORTHERN MARIANA ISLANDS"
1039877,"Other: GOVERNMENT OF GUAM - DEPARTMENT OF REVENUE AND TAXATION"
1039443,"Other: UNITED KINGDOM - FINANCIAL CONDUCT AUTHORITY"
1042157,"Hong Kong - Securities and Futures Commission"
1031644,"Guernsey - Guernsey Financial Services Commission"
1034832,"Other: UK-AIFMD"
1036417,"Canada - Ontario Securities Commission"
1039235,"United Kingdom - Financial Conduct Authority"
1039587,"Hong Kong - Securities and Futures Commission"
1039587,"United Kingdom - Financial Conduct Authority"
1027569,"Hong Kong - Securities and Futures Commission"
1027841,"India - Securities and Exchange Board of India"
1031029,"United Kingdom - Financial Conduct Authority"
1031029,"Netherlands - The Netherlands Authority for the Financial Markets"
1031029,"Finland - Financial Supervision Authority"
1034370,"United Kingdom - Financial Conduct Authority"
1034469,"Canada - Ontario Securities Commission"
1032006,"Netherlands - The Netherlands Authority for the Financial Markets"
1026777,"Ireland -  Central Bank of Ireland"
1027467,"Australia - Australian Securities and Investments Commission"
1034036,"South Korea - Financial Supervisory Commission / Financial Supervisory Service"
1034060,"Australia - Australian Securities and Investments Commission"
1038042,"Japan - Financial Services Agency"
1038696,"Canada - Ontario Securities Commission"
1038696,"Ireland -  Central Bank of Ireland"
1038919,"Ireland -  Central Bank of Ireland"
1041036,"South Korea - Financial Supervisory Commission / Financial Supervisory Service"
1029066,"Canada - Manitoba Securities Commission"
1029066,"Canada - Alberta Securities Commission"
1029066,"Canada - Ontario Securities Commission"
1029066,"Canada - New Brunswick Securities Commission"
1029066,"Canada - Newfoundland and Labrador, Financial Services Regulation Division"
1029066,"Canada - Northwest Territories, Office of the Registrar of Securities"
1029066,"Canada - Nova Scotia Securities Commission"
1029066,"Canada - Nunavut, Registrar of Securities"
1029066,"Canada - Prince Edward Island, Securities Office"
1029066,"Canada - Quebec, Financial Markets Authority"
1029066,"Canada - Saskatchewan Financial Services Commission"
1029066,"Canada - Yukon Territories, Registrar of Securities"
1029066,"Canada - British Columbia Securities Commission"
1016803,"India - Securities and Exchange Board of India"
1030510,"India - Securities and Exchange Board of India"
1030510,"Ireland -  Central Bank of Ireland"
1011018,"United Kingdom - Financial Conduct Authority"
1022892,"Canada - Ontario Securities Commission"
1022892,"Canada - Nova Scotia Securities Commission"
1022892,"Canada - Manitoba Securities Commission"
1022892,"Canada - British Columbia Securities Commission"
1022892,"Canada - Alberta Securities Commission"
1022892,"Canada - Saskatchewan Financial Services Commission"
1022892,"Canada - Quebec, Financial Markets Authority"
1022892,"Netherlands - The Netherlands Authority for the Financial Markets"
1022892,"Canada - New Brunswick Securities Commission"
1022892,"Canada - Prince Edward Island, Securities Office"
1022892,"Canada - Newfoundland and Labrador, Financial Services Regulation Division"
1022892,"Dubai - Dubai Financial Services Authority"
1032056,"Other: UNITED KINGDOM - FINANCIAL CONDUCT AUTHORITY"
1032056,"India - Securities and Exchange Board of India"
1032056,"South Korea - Financial Supervisory Commission / Financial Supervisory Service"
1032056,"Japan - Financial Services Agency"
1032771,"Hong Kong - Securities and Futures Commission"
1034756,"Other: UNITED KINGDOM - FINANCIAL CONDUCT AUTHORITY"
1034756,"Canada - Ontario Securities Commission"
1034756,"Canada - Quebec, Financial Markets Authority"
1027547,"United Kingdom - Financial Conduct Authority"
1032326,"Ireland -  Central Bank of Ireland"
1032326,"Guam - Department of Revenue and Taxation"
1037080,"Switzerland - Swiss Financial Market Supervisory Authority"
1040918,"United Kingdom - Financial Conduct Authority"
1029418,"India - Securities and Exchange Board of India"
1031623,"United Kingdom - Financial Conduct Authority"
1031623,"Australia - Australian Securities and Investments Commission"
1031622,"Hong Kong - Securities and Futures Commission"
1036248,"Japan - Financial Services Agency"
1028700,"United Kingdom - Financial Conduct Authority"
1033378,"United Kingdom - Financial Conduct Authority"
1034884,"United Kingdom - Financial Conduct Authority"
1036737,"Canada - Ontario Securities Commission"
1036934,"Ireland -  Central Bank of Ireland"
1036934,"Canada - Ontario Securities Commission"
1036934,"Germany - German Federal Financial Supervisory Agency"
1036934,"Canada - British Columbia Securities Commission"
1036934,"Canada - Quebec, Financial Markets Authority"
1036934,"Canada - Newfoundland and Labrador, Financial Services Regulation Division"
1037953,"United Kingdom - Financial Conduct Authority"
1042304,"Ireland -  Central Bank of Ireland"
1042304,"United Kingdom - Financial Conduct Authority"
1043203,"Canada - Ontario Securities Commission"
1043203,"China, People's Republic of - China Securities Regulatory Commission "
1043203,"India - Securities and Exchange Board of India"
1028590,"Cayman Islands - Cayman Islands Monetary Authority"
1039470,"United Kingdom - Financial Conduct Authority"
1035511,"Other: VEREIN ZUR QUALITATSSICHERUNG VON FINANZDIENSTLEISTUNGEN (VQF) ADDRESS: BAARERSTRASSE 112 6300 ZUG, SWITZERLAND"
1041960,"Ireland -  Central Bank of Ireland"
1041960,"Guam - Department of Revenue and Taxation"
1027162,"United Kingdom - Financial Conduct Authority"
1019897,"Australia - Australian Securities and Investments Commission"
1019897,"Canada - Quebec, Financial Markets Authority"
1019897,"Canada - Ontario Securities Commission"
1019897,"Canada - Alberta Securities Commission"
1019897,"Canada - British Columbia Securities Commission"
1019897,"Canada - Manitoba Securities Commission"
1019897,"Canada - New Brunswick Securities Commission"
1019897,"Canada - Nova Scotia Securities Commission"
1032249,"United Kingdom - Financial Conduct Authority"
1030628,"South Korea - Financial Supervisory Commission / Financial Supervisory Service"
1030628,"Singapore - Monetary Authority of Singapore"
1030628,"India - Securities and Exchange Board of India"
1030628,"Australia - Australian Securities and Investments Commission"
1030628,"Japan - Financial Services Agency"
1030628,"China, People's Republic of - China Securities Regulatory Commission "
1033869,"Canada - Ontario Securities Commission"
1033869,"Ireland -  Central Bank of Ireland"
1033869,"Cayman Islands - Cayman Islands Monetary Authority"
1033996,"Mexico - National Commission for Banking and Securities"
1034786,"Canada - British Columbia Securities Commission"
1034786,"Canada - Ontario Securities Commission"
1034786,"Canada - Saskatchewan Financial Services Commission"
1034786,"Canada - Alberta Securities Commission"
1034786,"India - Securities and Exchange Board of India"
1034786,"Canada - Quebec, Financial Markets Authority"
1034786,"Canada - Manitoba Securities Commission"
1034786,"Ireland -  Central Bank of Ireland"
1034786,"Canada - Nova Scotia Securities Commission"
1034786,"Other: CANADA - PRINCE EDWARD ISLAND OFFICE OF THE SUPERINTENDENT OF SECURITIES"
1034786,"Other: CANADA - FINANCIAL AND CONSUMER SERVICES COMMISSION OF NEW BRUNSWICK"
1034786,"Other: CANADA - FINANCIAL SERVICES REGULATION DIVISION OF NEWFOUNDLAND AND LABRADOR"
1028592,"United Kingdom - Financial Conduct Authority"
1031836,"Singapore - Monetary Authority of Singapore"
1041386,"Canada - Ontario Securities Commission"
1041386,"United Kingdom - Financial Conduct Authority"
1037213,"Canada - Ontario Securities Commission"
1037213,"Canada - British Columbia Securities Commission"
1037213,"Canada - Manitoba Securities Commission"
1037213,"Canada - Quebec, Financial Markets Authority"
1037213,"India - Securities and Exchange Board of India"
1037213,"Canada - Alberta Securities Commission"
1037213,"Canada - New Brunswick Securities Commission"
1037213,"Canada - Nova Scotia Securities Commission"
1023011,"Canada - Ontario Securities Commission"
1023011,"India - Securities and Exchange Board of India"
1023011,"Ireland -  Central Bank of Ireland"
1041152,"United Kingdom - Financial Conduct Authority"
1038495,"United Kingdom - Financial Conduct Authority"
1041093,"Ireland -  Central Bank of Ireland"
1039514,"Hong Kong - Securities and Futures Commission"
1039514,"South Korea - Financial Supervisory Commission / Financial Supervisory Service"
1039514,"Ireland -  Central Bank of Ireland"
1041129,"Australia - Australian Securities and Investments Commission"
1042284,"Other: GOVERNMENT OF GUAM - DEPARTMENT OF REVENUE AND TAXATION"
1042284,"Other: COMMONWEALTH OF THE NORTHERN MARIANA ISLANDS"
1042111,"South Africa - Financial Services Board"
1042111,"United Kingdom - Financial Conduct Authority"
1033958,"Australia - Australian Securities and Investments Commission"
1038726,"United Kingdom - Financial Conduct Authority"
1029441,"Canada - British Columbia Securities Commission"
1029441,"Canada - Ontario Securities Commission"
1029441,"Canada - Quebec, Financial Markets Authority"
1029452,"Canada - British Columbia Securities Commission"
1029452,"Canada - Ontario Securities Commission"
1029452,"Canada - Quebec, Financial Markets Authority"
1034354,"United Kingdom - Financial Conduct Authority"
1034354,"Germany - German Federal Financial Supervisory Agency"
1034354,"Denmark - Danish Financial Supervisory Authority"
1034354,"Netherlands - The Netherlands Authority for the Financial Markets"
1041463,"United Kingdom - Financial Conduct Authority"
1043178,"India - Securities and Exchange Board of India"
1043178,"Cayman Islands - Cayman Islands Monetary Authority"
1043178,"Mauritius, Republic of - Financial Services Commission"
1033393,"United Kingdom - Financial Conduct Authority"
1022019,"Canada - Alberta Securities Commission"
1022019,"Canada - British Columbia Securities Commission"
1022019,"Other: CANADA - INVESTMENT INDUSTRY REGULATORY ORGANIZATION OF CANADA (IIROC)"
1022019,"Canada - Ontario Securities Commission"
1022019,"Canada - Saskatchewan Financial Services Commission"
1040087,"Ireland -  Central Bank of Ireland"
1040087,"United Kingdom - Financial Conduct Authority"
1026803,"Australia - Australian Securities and Investments Commission"
1039807,"Switzerland - Swiss Financial Market Supervisory Authority"
1042094,"United Kingdom - Financial Conduct Authority"
1042265,"United Kingdom - Financial Conduct Authority"
1041831,"Australia - Australian Securities and Investments Commission"
1041831,"Other: AUSTRALIA - AUSTRALIAN PRUDENTIAL REGULATION AUTHORITY"
1027868,"Canada - Alberta Securities Commission"
1027868,"Canada - Ontario Securities Commission"
1027868,"Canada - British Columbia Securities Commission"
1027868,"Canada - Manitoba Securities Commission"
1027868,"Canada - New Brunswick Securities Commission"
1027868,"Canada - Northwest Territories, Office of the Registrar of Securities"
1027868,"Canada - Nova Scotia Securities Commission"
1027868,"Canada - Quebec, Financial Markets Authority"
1027868,"Canada - Saskatchewan Financial Services Commission"
1027868,"Canada - Newfoundland and Labrador, Financial Services Regulation Division"
1021328,"Canada - Ontario Securities Commission"
1021328,"Canada - Alberta Securities Commission"
1021328,"Canada - Saskatchewan Financial Services Commission"
1021328,"Canada - Manitoba Securities Commission"
1021328,"Canada - British Columbia Securities Commission"
1021328,"Canada - Quebec, Financial Markets Authority"
1021328,"Canada - New Brunswick Securities Commission"
1021328,"Canada - Nova Scotia Securities Commission"
1035048,"Ireland -  Central Bank of Ireland"
1035048,"India - Securities and Exchange Board of India"
1035914,"Ireland -  Central Bank of Ireland"
1035914,"United Kingdom - Financial Conduct Authority"
1037656,"Other: CAYMAN ISLANDS MONETARY AUTHORITY"
1042505,"Australia - Australian Securities and Investments Commission"
1033232,"Singapore - Monetary Authority of Singapore"
1033232,"South Korea - Financial Supervisory Commission / Financial Supervisory Service"
1033232,"Hong Kong - Securities and Futures Commission"
1033232,"Guam - Department of Revenue and Taxation"
1025295,"United Kingdom - Financial Conduct Authority"
1016276,"Canada - Ontario Securities Commission"
1031863,"Canada - Ontario Securities Commission"
1031863,"Ireland -  Central Bank of Ireland"
1031863,"Canada - Quebec, Financial Markets Authority"
1031863,"Canada - Alberta Securities Commission"
1031863,"Canada - British Columbia Securities Commission"
1031940,"Netherlands - The Netherlands Authority for the Financial Markets"
1031861,"Germany - German Federal Financial Supervisory Agency"
1031861,"Netherlands - The Netherlands Authority for the Financial Markets"
1031861,"United Kingdom - Financial Conduct Authority"
1031861,"South Africa - Financial Services Board"
1032498,"United Kingdom - Financial Conduct Authority"
1032498,"Netherlands - The Netherlands Authority for the Financial Markets"
1032498,"Finland - Financial Supervision Authority"
1036308,"Netherlands - The Netherlands Authority for the Financial Markets"
1037400,"Canada - Alberta Securities Commission"
1037400,"Canada - Ontario Securities Commission"
1037400,"Other: DUBAI - DUBAI MERCANTILE EXCHANGE"
1037400,"Canada - Quebec, Financial Markets Authority"
1037400,"Canada - British Columbia Securities Commission"
1041540,"Canada - Ontario Securities Commission"
1041540,"Canada - Alberta Securities Commission"
1041540,"Other: DUBAI - DUBAI MERCANTILE EXCHANGE"
1041540,"Canada - Quebec, Financial Markets Authority"
1041540,"Canada - British Columbia Securities Commission"
1037941,"South Korea - Financial Supervisory Commission / Financial Supervisory Service"
1037941,"Hong Kong - Securities and Futures Commission"
1042104,"United Kingdom - Financial Conduct Authority"
1042116,"United Kingdom - Financial Conduct Authority"
1042116,"Luxembourg, Grand Duchy of - Commission to Surveillance of the Finance Sector"
1041470,"Canada - British Columbia Securities Commission"
1042746,"United Kingdom - Financial Conduct Authority"
1042512,"United Kingdom - Financial Conduct Authority"
1038725,"Hong Kong - Securities and Futures Commission"
1038725,"India - Securities and Exchange Board of India"
1043148,"Netherlands - The Netherlands Authority for the Financial Markets"
1043147,"India - Securities and Exchange Board of India"
1025042,"Other: PINEBRIDGE INVESTMENTS LLC IS EXEMPT FROM HOLDING AN AUSTRALIAN FINANCIAL SERVICES LICENSE DUE TO ITS REGISTRATION WITH THE SEC"
1025042,"China, People's Republic of - China Securities Regulatory Commission "
1031625,"United Kingdom - Financial Conduct Authority"
1035966,"Canada - Manitoba Securities Commission"
1035966,"Canada - Nova Scotia Securities Commission"
1035966,"Canada - New Brunswick Securities Commission"
1035966,"Canada - Ontario Securities Commission"
1035966,"Canada - British Columbia Securities Commission"
1035966,"Canada - Newfoundland and Labrador, Financial Services Regulation Division"
1035966,"Canada - Saskatchewan Financial Services Commission"
1035966,"Canada - Alberta Securities Commission"
1035966,"Canada - Quebec, Financial Markets Authority"
1033169,"Other: BRAZIL - ANBIMA (BRAZILIAN FINANCIAL AND CAPITAL MARKETS ASSOCIATION)"
1033169,"Brazil - Securities and Exchange Commission"
1042595,"United Kingdom - Financial Conduct Authority"
1042595,"Canada - Ontario Securities Commission"
1042595,"Ireland -  Central Bank of Ireland"
1042595,"Other: DUBAI FINANCIAL SERVICES AUTHORITY"
1042595,"Canada - Alberta Securities Commission"
1042595,"Canada - Quebec, Financial Markets Authority"
1038866,"India - Securities and Exchange Board of India"
1038866,"Canada - Ontario Securities Commission"
1042949,"Canada - Quebec, Financial Markets Authority"
1042949,"Canada - British Columbia Securities Commission"
1042949,"Canada - Ontario Securities Commission"
1039774,"United Kingdom - Financial Conduct Authority"
1039777,"United Kingdom - Financial Conduct Authority"
1042506,"Canada - Quebec, Financial Markets Authority"
1042506,"Australia - Australian Securities and Investments Commission"
1042506,"Canada - Ontario Securities Commission"
1035425,"United Kingdom - Financial Conduct Authority"
1035368,"Other: PINEBRIDGE INVESTMENTS LLC IS EXEMPT FROM HOLDING AN AUSTRALIAN FINANCIAL SERVICES LICENSE DUE TO ITS REGISTRATION WITH THE SEC"
1035368,"China, People's Republic of - China Securities Regulatory Commission "
1032048,"South Korea - Financial Supervisory Commission / Financial Supervisory Service"
1032048,"Canada - Ontario Securities Commission"
1032048,"Canada - Nova Scotia Securities Commission"
1032048,"Canada - Quebec, Financial Markets Authority"
1019808,"Other: HIGHBRIDGE CAPITAL MANAGEMENT (UK), LTD. (RELYING ADVISER) - UNITED KINGDOM - FINANCIAL CONDUCT AUTHORITY"
1019808,"Other: HIGHBRIDGE CAPITAL MANAGEMENT (HONG KONG), LIMITED (RELYING ADVISER) - HONG KONG - SECURITIES AND FUTURES COMMISSION"
1037243,"Netherlands - The Netherlands Authority for the Financial Markets"
1039866,"Cayman Islands - Cayman Islands Monetary Authority"
1041615,"Hong Kong - Securities and Futures Commission"
1041615,"South Korea - Financial Supervisory Commission / Financial Supervisory Service"
1042341,"Australia - Australian Securities and Investments Commission"
1042341,"Canada - Ontario Securities Commission"
1039436,"Australia - Australian Securities and Investments Commission"
1042968,"Other: LONE STAR GLOBAL ACQUISITIONS, LTD., THE RELYING ADVISER, IS REGISTERED WITH THE BERMUDA MONETARY AUTHORITY"
1028969,"United Kingdom - Financial Conduct Authority"
1032660,"Australia - Australian Securities and Investments Commission"
1032924,"Cayman Islands - Cayman Islands Monetary Authority"
1034213,"Bahamas - Securities Commission of the Bahamas"
1028089,"Hong Kong - Securities and Futures Commission"
1029106,"Netherlands - The Netherlands Authority for the Financial Markets"
1029130,"South Korea - Financial Supervisory Commission / Financial Supervisory Service"
1029130,"Japan - Financial Services Agency"
1030511,"Canada - Ontario Securities Commission"
1030547,"Canada - British Columbia Securities Commission"
1030547,"Canada - Ontario Securities Commission"
1030547,"Canada - Manitoba Securities Commission"
1030573,"Other: COMMONWEALTH OF THE NORTHERN MARIANA ISLANDS"
1030573,"Other: GOVERNMENT OF GUAM - DEPARTMENT OF REVENUE AND TAXATION"
1017486,"Cayman Islands - Cayman Islands Monetary Authority"
1028663,"Canada - British Columbia Securities Commission"
1028663,"Canada - Alberta Securities Commission"
1028663,"Canada - Manitoba Securities Commission"
1028663,"Canada - Newfoundland and Labrador, Financial Services Regulation Division"
1028663,"Canada - Nova Scotia Securities Commission"
1028663,"Canada - Ontario Securities Commission"
1028663,"Canada - Prince Edward Island, Securities Office"
1028663,"Canada - Quebec, Financial Markets Authority"
1028663,"Canada - Saskatchewan Financial Services Commission"
1028663,"Canada - New Brunswick Securities Commission"
1035285,"Japan - Financial Services Agency"
1032064,"India - Securities and Exchange Board of India"
1032064,"Singapore - Monetary Authority of Singapore"
1036840,"Luxembourg, Grand Duchy of - Commission to Surveillance of the Finance Sector"
1036840,"United Kingdom - Financial Conduct Authority"
1036100,"India - Securities and Exchange Board of India"
1036100,"Canada - Ontario Securities Commission"
1039824,"Canada - Alberta Securities Commission"
1039824,"Canada - Ontario Securities Commission"
1039824,"Other: DUBAI - DUBAI MERCANTILE EXCHANGE"
1039824,"Canada - Quebec, Financial Markets Authority"
1039824,"Canada - British Columbia Securities Commission"
1041341,"Ireland -  Central Bank of Ireland"
1041367,"Australia - Australian Securities and Investments Commission"
1031382,"United Kingdom - Financial Conduct Authority"
1031382,"South Africa - Financial Services Board"
1042042,"Bahamas - Securities Commission of the Bahamas"
1042042,"Other: FINANCIAL SERVICES COMMISSION, SOUTH KOREA"
1028391,"Other: TRG MANAGEMENT HONG KONG LIMITED- HONG KONG -(RELYING ADVISER) - HONG KONG SECURITIES AND FUTURES COMMISSION"
1028391,"Other: TRG VENTURE CAPITAL INTERNATIONAL INVESTMENT G.P. LIMITED (RELYING ADVISER) - JERSEY- JERSEY FINANCIAL SERVICES COMMISSION"
1028391,"Other: TRG MANAGEMENT UK LLP (RELYING ADVISER) - UNITED KINGDOM- UNITED KINGDOM FINANCIAL CONDUCT AUTHORITY"
1028391,"Other: TRG VENTURE CAPITAL INTERNATIONAL PARTNERSHIP G.P. LIMITED (RELYING ADVISER) - JERSEY- JERSEY FINANCIAL SERVICES COMMISSION"
1028391,"Other: TRG MANAGEMENT SINGAPORE PTE LTD - SINGAPORE (RELYING ADVISER) SINGAPORE MONETARY AUTHORITY"
1028391,"Other: TRG VENTURE CAPITAL INTERNATIONAL AFRICA FUND G.P. LIMITED - JERSEY - JERSEY FINANCIAL SERVICES COMMISSION"
1028467,"Canada - Ontario Securities Commission"
1027752,"Canada - Ontario Securities Commission"
1027752,"South Africa - Financial Services Board"
1028501,"United Kingdom - Financial Conduct Authority"
1026044,"United Kingdom - Financial Conduct Authority"
1029272,"Canada - Alberta Securities Commission"
1029272,"Canada - Ontario Securities Commission"
1029272,"Other: DUBAI - DUBAI MERCANTILE EXCHANGE"
1029272,"Canada - Quebec, Financial Markets Authority"
1029272,"Canada - British Columbia Securities Commission"
1027776,"China, People's Republic of - China Securities Regulatory Commission "
1034073,"Switzerland - Swiss Financial Market Supervisory Authority"
1040263,"Ireland -  Central Bank of Ireland"
1040959,"Canada - Ontario Securities Commission"
1040959,"Canada - Alberta Securities Commission"
1040959,"Other: DUBAI - DUBAI MERCANTILE EXCHANGE"
1040959,"Canada - Quebec, Financial Markets Authority"
1040959,"Canada - British Columbia Securities Commission"
1029982,"United Kingdom - Financial Conduct Authority"
1041380,"United Kingdom - Financial Conduct Authority"
1041380,"Ireland -  Central Bank of Ireland"
1041380,"Luxembourg, Grand Duchy of - Commission to Surveillance of the Finance Sector"
1038338,"Ireland -  Central Bank of Ireland"
1038338,"Hong Kong - Securities and Futures Commission"
1042975,"Australia - Australian Securities and Investments Commission"
1043207,"Canada - Alberta Securities Commission"
1043207,"Canada - Nova Scotia Securities Commission"
1043207,"Canada - British Columbia Securities Commission"
1043207,"Australia - Australian Securities and Investments Commission"
1043207,"Ireland -  Central Bank of Ireland"
1043207,"Germany - German Federal Financial Supervisory Agency"
1043207,"Canada - Ontario Securities Commission"
1043207,"Canada - Manitoba Securities Commission"
1043207,"Canada - Quebec, Financial Markets Authority"
1043207,"France - Financial Markets Authority"
1040512,"Australia - Australian Securities and Investments Commission"
1040512,"South Korea - Financial Supervisory Commission / Financial Supervisory Service"
1041383,"United Kingdom - Financial Conduct Authority"
1027367,"United Kingdom - Financial Conduct Authority"
1027408,"Bahamas - Securities Commission of the Bahamas"
1027408,"Other: FINANCIAL SERVICES COMMISSION, SOUTH KOREA"
1024494,"Ireland -  Central Bank of Ireland"
1027825,"Hong Kong - Securities and Futures Commission"
1027825,"South Korea - Financial Supervisory Commission / Financial Supervisory Service"
1030790,"Australia - Australian Securities and Investments Commission"
1030661,"Ireland -  Central Bank of Ireland"
1034939,"Mauritius, Republic of - Financial Services Commission"
1034939,"Singapore - Monetary Authority of Singapore"
1035480,"Canada - Ontario Securities Commission"
1035480,"Canada - Quebec, Financial Markets Authority"
1035480,"Canada - Alberta Securities Commission"
1035480,"Canada - Saskatchewan Financial Services Commission"
1035480,"Canada - British Columbia Securities Commission"
1035426,"Other: ARIF - ASSOCIATION ROMANDE DES INTERMEDAIRES FINANCIERS"
1038260,"Other: UNITED KINGDOM - FINANCIAL CONDUCT AUTHORITY"
1038260,"Canada - Manitoba Securities Commission"
1038260,"Canada - Ontario Securities Commission"
1038260,"Canada - Alberta Securities Commission"
1038253,"Other: SOUTH KOREA- FINANCIAL SERVICES COMMISSION AND FINANCIAL SUPERVISORY SERVICE"
1038731,"Canada - Ontario Securities Commission"
1038731,"Japan - Financial Services Agency"
1038731,"Canada - Alberta Securities Commission"
1038731,"Canada - British Columbia Securities Commission"
1038731,"Canada - Manitoba Securities Commission"
1038731,"Canada - Saskatchewan Financial Services Commission"
1038731,"Canada - Nova Scotia Securities Commission"
1038731,"Canada - Quebec, Financial Markets Authority"
1038731,"United Kingdom - Financial Conduct Authority"
1039223,"Canada - Ontario Securities Commission"
1039223,"Canada - Manitoba Securities Commission"
1039223,"Canada - Saskatchewan Financial Services Commission"
1039223,"Canada - British Columbia Securities Commission"
1039223,"Canada - Alberta Securities Commission"
1039223,"Canada - Quebec, Financial Markets Authority"
1039223,"Canada - Newfoundland and Labrador, Financial Services Regulation Division"
1035561,"Ireland -  Central Bank of Ireland"
1035561,"Switzerland - Swiss Financial Market Supervisory Authority"
1042675,"United Kingdom - Financial Conduct Authority"
1043290,"Canada - Ontario Securities Commission"
1043290,"Canada - British Columbia Securities Commission"
1043290,"Other: JAPAN - KANTO LOCAL FINANCIAL BUREAU"
1043290,"Canada - Quebec, Financial Markets Authority"
1043290,"Canada - Alberta Securities Commission"
1027920,"Netherlands - The Netherlands Authority for the Financial Markets"
1027920,"Ireland -  Central Bank of Ireland"
1025576,"Ireland -  Central Bank of Ireland"
1025576,"Canada - Ontario Securities Commission"
1025576,"Germany - German Federal Financial Supervisory Agency"
1025576,"Canada - British Columbia Securities Commission"
1025576,"Canada - Quebec, Financial Markets Authority"
1025576,"Canada - Newfoundland and Labrador, Financial Services Regulation Division"
1030659,"United Kingdom - Financial Conduct Authority"
1032767,"Canada - Ontario Securities Commission"
1034351,"Ireland -  Central Bank of Ireland"
1036065,"Other: COMMONWEALTH OF THE NORTHERN MARIANA ISLANDS"
1036065,"Other: GOVERNMENT OF GUAM - DEPARTMENT OF REVENUE AND TAXATION"
1036210,"Singapore - Monetary Authority of Singapore"
1036868,"India - Securities and Exchange Board of India"
1039549,"Canada - Alberta Securities Commission"
1039549,"Canada - Ontario Securities Commission"
1039549,"Other: DUBAI - DUBAI MERCANTILE EXCHANGE"
1039549,"Canada - Quebec, Financial Markets Authority"
1039549,"Canada - British Columbia Securities Commission"
1037248,"Cayman Islands - Cayman Islands Monetary Authority"
1042718,"Dubai - Dubai Financial Services Authority"
1042718,"Other: SWISS FEDERAL BANKING COMMISSION"
1042718,"Other: SWISS NATIONAL BANK"
1042718,"Other: SUPERINTENDENCIA FINANCIERA DE COLOMBIA"
1042718,"Australia - Australian Securities and Investments Commission"
1042718,"China, People's Republic of - China Securities Regulatory Commission "
1042718,"Taiwan - Financial Supervisory Commission"
1042718,"Other: TAIWAN - THE CENTRAL BANK OF REPUBLIC OF CHINA"
1042718,"India - Securities and Exchange Board of India"
1042718,"Singapore - Monetary Authority of Singapore"
1042718,"Italy - National Stock Exchange Commission"
1031389,"United Kingdom - Financial Conduct Authority"
1031390,"Other: DE NEDERLANDSCHE BANK, NV NETHERLANDS"
1031390,"Other: DUBAI MERCANTILE EXCHANGE, DUBAI"
1035498,"Canada - Ontario Securities Commission"
1035498,"Canada - Manitoba Securities Commission"
1035498,"Canada - Saskatchewan Financial Services Commission"
1035498,"Canada - British Columbia Securities Commission"
1035498,"Canada - Alberta Securities Commission"
1035498,"Canada - Quebec, Financial Markets Authority"
1035498,"Canada - Newfoundland and Labrador, Financial Services Regulation Division"
1040438,"Cayman Islands - Cayman Islands Monetary Authority"
1041138,"Canada - Alberta Securities Commission"
1041138,"Canada - British Columbia Securities Commission"
1041138,"Canada - Ontario Securities Commission"
1041138,"Canada - Manitoba Securities Commission"
1041138,"Canada - New Brunswick Securities Commission"
1041138,"Canada - Newfoundland and Labrador, Financial Services Regulation Division"
1041138,"Canada - Nova Scotia Securities Commission"
1041138,"Canada - Quebec, Financial Markets Authority"
1041138,"Canada - Saskatchewan Financial Services Commission"
1041138,"Canada - Prince Edward Island, Securities Office"
1041887,"Ireland -  Central Bank of Ireland"
1041887,"Australia - Australian Securities and Investments Commission"
1027566,"Japan - Financial Services Agency"
1027566,"South Korea - Financial Supervisory Commission / Financial Supervisory Service"
1027565,"Japan - Financial Services Agency"
1027565,"South Korea - Financial Supervisory Commission / Financial Supervisory Service"
1028818,"Canada - Nova Scotia Securities Commission"
1028818,"Canada - Yukon Territories, Registrar of Securities"
1028818,"Canada - Alberta Securities Commission"
1028818,"Canada - British Columbia Securities Commission"
1028818,"Canada - Quebec, Financial Markets Authority"
1028818,"Canada - Ontario Securities Commission"
1031435,"Switzerland - Swiss Financial Market Supervisory Authority"
1031538,"Hong Kong - Securities and Futures Commission"
1032146,"Canada - Ontario Securities Commission"
1032972,"Canada - Quebec, Financial Markets Authority"
1032972,"Canada - Ontario Securities Commission"
1032972,"Canada - Manitoba Securities Commission"
1033493,"Canada - Quebec, Financial Markets Authority"
1033493,"Canada - Ontario Securities Commission"
1033493,"Canada - Alberta Securities Commission"
1033493,"Canada - British Columbia Securities Commission"
1033493,"Canada - Nova Scotia Securities Commission"
1033493,"Australia - Australian Securities and Investments Commission"
1031862,"United Kingdom - Financial Conduct Authority"
1032418,"Canada - Alberta Securities Commission"
1032418,"India - Securities and Exchange Board of India"
1032418,"Canada - Quebec, Financial Markets Authority"
1038645,"India - Securities and Exchange Board of India"
1038645,"Canada - Quebec, Financial Markets Authority"
1038645,"Canada - Alberta Securities Commission"
1036596,"Dubai - Dubai Financial Services Authority"
1041107,"Other: LONE STAR GLOBAL ACQUISITIONS, LTD., THE RELYING ADVISER, IS REGISTERED WITH THE BERMUDA MONETARY AUTHORITY"
1042307,"Canada - Alberta Securities Commission"
1042307,"Canada - Ontario Securities Commission"
1042307,"Canada - British Columbia Securities Commission"
1042307,"Canada - Manitoba Securities Commission"
1042307,"Canada - New Brunswick Securities Commission"
1042307,"Canada - Northwest Territories, Office of the Registrar of Securities"
1042307,"Canada - Nova Scotia Securities Commission"
1042307,"Canada - Quebec, Financial Markets Authority"
1042307,"Canada - Saskatchewan Financial Services Commission"
1042307,"Canada - Newfoundland and Labrador, Financial Services Regulation Division"
1042307,"Canada - Yukon Territories, Registrar of Securities"
1029180,"United Kingdom - Financial Conduct Authority"
1029180,"Germany - German Federal Financial Supervisory Agency"
1029180,"Denmark - Danish Financial Supervisory Authority"
1029180,"Netherlands - The Netherlands Authority for the Financial Markets"
1040405,"Ireland -  Central Bank of Ireland"
1028094,"Japan - Financial Services Agency"
1028112,"United Kingdom - Financial Conduct Authority"
1028112,"Australia - Australian Securities and Investments Commission"
1028112,"Denmark - Danish Financial Supervisory Authority"
1028112,"Sweden - Swedish Financial Supervisory Authority"
1028112,"Finland - Financial Supervision Authority"
1028112,"Netherlands - The Netherlands Authority for the Financial Markets"
1028112,"Liechtenstein - Financial Market Authority"
1028112,"Luxembourg, Grand Duchy of - Commission to Surveillance of the Finance Sector"
1028112,"France - Financial Markets Authority"
1028112,"Germany - German Federal Financial Supervisory Agency"
1028112,"Austria - Financial Market Authority"
1028112,"Belgium - Banking, Finance and Insurance Commission"
1028112,"Other: FINANTSINSPEKTSIOON, ESTONIA"
1028112,"Italy - National Stock Exchange Commission"
1028112,"Spain - National Commission of Securities Markets"
1028112,"Ireland -  Central Bank of Ireland"
1028112,"Portugal - Securities Market Commission"
1028112,"Norway - The Banking, Insurance and Securities Commission"
1028112,"Dubai - Dubai Financial Services Authority"
1028553,"Bermuda - Bermuda Monetary Authority"
1028792,"Ireland -  Central Bank of Ireland"
1030246,"Ireland -  Central Bank of Ireland"
1030246,"Netherlands - The Netherlands Authority for the Financial Markets"
1029663,"United Kingdom - Financial Conduct Authority"
1029663,"Dubai - Dubai Financial Services Authority"
1029663,"South Africa - Financial Services Board"
1029663,"Other: ITALY - COMMISSIONE NAZIONALE PER LE SOCIETÀ E LA BORSA"
1029663,"Germany - German Federal Financial Supervisory Agency"
1029663,"Netherlands - The Netherlands Authority for the Financial Markets"
1037079,"Other: UNITED KINGDOM - FINANCIAL CONDUCT AUTHORITY"
1037079,"Canada - Manitoba Securities Commission"
1037079,"Canada - Ontario Securities Commission"
1037079,"Canada - Alberta Securities Commission"
1035043,"Singapore - Monetary Authority of Singapore"
1036148,"Canada - Ontario Securities Commission"
1032173,"United Kingdom - Financial Conduct Authority"
1033295,"United Kingdom - Financial Conduct Authority"
1033295,"Canada - Ontario Securities Commission"
1034128,"United Kingdom - Financial Conduct Authority"
1034128,"Canada - Ontario Securities Commission"
1032512,"United Kingdom - Financial Conduct Authority"
1039762,"Ireland -  Central Bank of Ireland"
1027439,"Netherlands - The Netherlands Authority for the Financial Markets"
1027465,"United Kingdom - Financial Conduct Authority"
1031285,"Canada - Quebec, Financial Markets Authority"
1031285,"Canada - Ontario Securities Commission"
1031285,"Canada - Alberta Securities Commission"
1031285,"Canada - British Columbia Securities Commission"
1031285,"Canada - Prince Edward Island, Securities Office"
1036835,"Canada - Alberta Securities Commission"
1036835,"Canada - Ontario Securities Commission"
1036835,"Other: DUBAI - DUBAI MERCANTILE EXCHANGE"
1036835,"Canada - Quebec, Financial Markets Authority"
1036835,"Canada - British Columbia Securities Commission"
1033859,"Canada - Ontario Securities Commission"
1040937,"United Kingdom - Prudential Regulation Authority"
1040937,"United Kingdom - Financial Conduct Authority"
1030002,"United Kingdom - Financial Conduct Authority"
1042797,"Other: UNITED KINGDOM - FINANCIAL CONDUCT AUTHORITY"
1027694,"Ireland -  Central Bank of Ireland"
1027694,"Canada - Ontario Securities Commission"
1032768,"Ireland -  Central Bank of Ireland"
1032768,"United Kingdom - Financial Conduct Authority"
1032757,"India - Securities and Exchange Board of India"
1032757,"South Korea - Financial Supervisory Commission / Financial Supervisory Service"
1032757,"China, People's Republic of - China Securities Regulatory Commission "
1029719,"Other: UNITED KINGDOM - FINANCIAL CONDUCT AUTHORITY"
1029719,"Canada - Ontario Securities Commission"
1029719,"Canada - Quebec, Financial Markets Authority"
1032749,"Switzerland - Swiss Financial Market Supervisory Authority"
1038656,"Canada - Alberta Securities Commission"
1038656,"Canada - Ontario Securities Commission"
1038656,"Canada - British Columbia Securities Commission"
1038656,"Canada - Manitoba Securities Commission"
1038656,"Canada - New Brunswick Securities Commission"
1038656,"Canada - Northwest Territories, Office of the Registrar of Securities"
1038656,"Canada - Nova Scotia Securities Commission"
1038656,"Canada - Quebec, Financial Markets Authority"
1038656,"Canada - Saskatchewan Financial Services Commission"
1038656,"Canada - Newfoundland and Labrador, Financial Services Regulation Division"
1039506,"United Kingdom - Financial Conduct Authority"
1027847,"Canada - Ontario Securities Commission"
1027797,"United Kingdom - Financial Conduct Authority"
1028170,"United Kingdom - Financial Conduct Authority"
1028384,"Ireland -  Central Bank of Ireland"
1010987,"Hong Kong - Securities and Futures Commission"
1010987,"Ireland -  Central Bank of Ireland"
1030354,"Ireland -  Central Bank of Ireland"
1030354,"Canada - Ontario Securities Commission"
1030354,"Germany - German Federal Financial Supervisory Agency"
1030354,"Canada - British Columbia Securities Commission"
1030354,"Canada - Quebec, Financial Markets Authority"
1030354,"Canada - Newfoundland and Labrador, Financial Services Regulation Division"
1030358,"Dubai - Dubai Financial Services Authority"
1030358,"Other: SWISS FEDERAL BANKING COMMISSION"
1030358,"Other: SWISS NATIONAL BANK"
1030358,"Other: SUPERINTENDENCIA FINANCIERA DE COLOMBIA"
1030358,"Australia - Australian Securities and Investments Commission"
1030358,"China, People's Republic of - China Securities Regulatory Commission "
1030358,"Taiwan - Financial Supervisory Commission"
1030358,"Other: TAIWAN - THE CENTRAL BANK OF REPUBLIC OF CHINA"
1030358,"India - Securities and Exchange Board of India"
1030358,"Singapore - Monetary Authority of Singapore"
1030358,"Italy - National Stock Exchange Commission"
1032135,"Hong Kong - Securities and Futures Commission"
1030626,"South Korea - Financial Supervisory Commission / Financial Supervisory Service"
1034538,"Dubai - Dubai Financial Services Authority"
1034538,"Other: SWISS FEDERAL BANKING COMMISSION"
1034538,"Other: SWISS NATIONAL BANK"
1034538,"Other: SUPERINTENDENCIA FINANCIERA DE COLOMBIA"
1034538,"Australia - Australian Securities and Investments Commission"
1034538,"China, People's Republic of - China Securities Regulatory Commission "
1034538,"Taiwan - Financial Supervisory Commission"
1034538,"Other: TAIWAN - THE CENTRAL BANK OF REPUBLIC OF CHINA"
1034538,"India - Securities and Exchange Board of India"
1034538,"Singapore - Monetary Authority of Singapore"
1034538,"Italy - National Stock Exchange Commission"
1031904,"Switzerland - Swiss Financial Market Supervisory Authority"
1038124,"Canada - Newfoundland and Labrador, Financial Services Regulation Division"
1038124,"Canada - New Brunswick Securities Commission"
1038124,"Canada - Ontario Securities Commission"
1038124,"Canada - Manitoba Securities Commission"
1038124,"Canada - Saskatchewan Financial Services Commission"
1038124,"Canada - Nova Scotia Securities Commission"
1038124,"Canada - Alberta Securities Commission"
1038124,"Canada - Prince Edward Island, Securities Office"
1038124,"Canada - British Columbia Securities Commission"
1038124,"Japan - Financial Services Agency"
1038124,"Ireland -  Central Bank of Ireland"
1038124,"South Korea - Financial Supervisory Commission / Financial Supervisory Service"
1038124,"Canada - Quebec, Financial Markets Authority"
1029185,"United Kingdom - Financial Conduct Authority"
1034679,"Ireland -  Central Bank of Ireland"
1035189,"United Kingdom - Financial Conduct Authority"
1036327,"India - Securities and Exchange Board of India"
1036327,"South Korea - Financial Supervisory Commission / Financial Supervisory Service"
1036327,"China, People's Republic of - China Securities Regulatory Commission "
1040076,"Guernsey - Guernsey Financial Services Commission"
1041379,"United Kingdom - Financial Conduct Authority"
1030424,"United Kingdom - Financial Conduct Authority"
1031249,"South Africa - Financial Services Board"
1031249,"United Kingdom - Financial Conduct Authority"
1031752,"Ireland -  Central Bank of Ireland"
1031752,"Guam - Department of Revenue and Taxation"
1034337,"United Kingdom - Financial Conduct Authority"
1034602,"Singapore - Monetary Authority of Singapore"
1036664,"South Korea - Financial Supervisory Commission / Financial Supervisory Service"
1038913,"United Kingdom - Financial Conduct Authority"
1039218,"Canada - Ontario Securities Commission"
1039218,"Canada - Manitoba Securities Commission"
1039218,"Canada - Saskatchewan Financial Services Commission"
1039218,"Canada - British Columbia Securities Commission"
1039218,"Canada - Alberta Securities Commission"
1039218,"Canada - Quebec, Financial Markets Authority"
1039218,"Canada - Newfoundland and Labrador, Financial Services Regulation Division"
1039959,"Isle of Man - Financial Supervision Commission"
1038234,"Australia - Australian Securities and Investments Commission"
1041422,"United Kingdom - Financial Conduct Authority"
1041193,"Canada - Ontario Securities Commission"
1041439,"United Kingdom - Financial Conduct Authority"
1043304,"Ireland -  Central Bank of Ireland"
1023220,"India - Securities and Exchange Board of India"
1029675,"Ireland -  Central Bank of Ireland"
1029675,"Canada - New Brunswick Securities Commission"
1029675,"Canada - Nova Scotia Securities Commission"
1029675,"Canada - Ontario Securities Commission"
1029675,"India - Securities and Exchange Board of India"
1025306,"United Kingdom - Financial Conduct Authority"
1030166,"Hong Kong - Securities and Futures Commission"
1031372,"Cayman Islands - Cayman Islands Monetary Authority"
1037390,"Other: ASSOCIATION ROMANDE DES INTERMÉDIAIRES FINANCIERS (ARIF) - SWITZERLAND"
1034076,"United Kingdom - Financial Conduct Authority"
1034076,"Australia - Australian Securities and Investments Commission"
1039005,"Canada - British Columbia Securities Commission"
1039005,"Canada - Alberta Securities Commission"
1039005,"Canada - Quebec, Financial Markets Authority"
1039005,"Canada - Ontario Securities Commission"
1042583,"Other: SEE SCHEDULE D, PAGE 5"
1040893,"Canada - Saskatchewan Financial Services Commission"
1040893,"Canada - Alberta Securities Commission"
1040893,"Canada - Manitoba Securities Commission"
1040893,"Canada - Quebec, Financial Markets Authority"
1040893,"Canada - British Columbia Securities Commission"
1040893,"Canada - Ontario Securities Commission"
1040893,"Canada - New Brunswick Securities Commission"
1040893,"Canada - Prince Edward Island, Securities Office"
1034803,"Australia - Australian Securities and Investments Commission"
1033192,"Australia - Australian Securities and Investments Commission"
1033192,"India - Securities and Exchange Board of India"
1035344,"Other: DE NEDERLANDSCHE BANK, NV NETHERLANDS"
1035344,"Other: DUBAI MERCANTILE EXCHANGE, DUBAI"
1038849,"Canada - Ontario Securities Commission"
1038849,"Canada - Alberta Securities Commission"
1038849,"Canada - British Columbia Securities Commission"
1038849,"Canada - Quebec, Financial Markets Authority"
1033025,"Bermuda - Bermuda Monetary Authority"
1040745,"South Korea - Financial Supervisory Commission / Financial Supervisory Service"
1038269,"Ireland -  Central Bank of Ireland"
1031653,"South Korea - Financial Supervisory Commission / Financial Supervisory Service"
1040669,"Singapore - Monetary Authority of Singapore"
1027400,"United Kingdom - Financial Conduct Authority"
1027400,"Ireland -  Central Bank of Ireland"
1023959,"Australia - Australian Securities and Investments Commission"
1022989,"Australia - Australian Securities and Investments Commission"
1028423,"Singapore - Monetary Authority of Singapore"
1028423,"Mauritius, Republic of - Financial Services Commission"
1033017,"Ireland -  Central Bank of Ireland"
1036243,"South Korea - Financial Supervisory Commission / Financial Supervisory Service"
1036243,"China, People's Republic of - China Securities Regulatory Commission "
1036243,"Hong Kong - Securities and Futures Commission"
1041003,"Netherlands - The Netherlands Authority for the Financial Markets"
1043235,"Australia - Australian Securities and Investments Commission"
1027493,"Singapore - Monetary Authority of Singapore"
1031221,"France - Financial Markets Authority"
1031237,"Netherlands - The Netherlands Authority for the Financial Markets"
1022039,"Australia - Australian Securities and Investments Commission"
1040436,"Hong Kong - Securities and Futures Commission"
1039464,"Sweden - Swedish Financial Supervisory Authority"
1028883,"Hong Kong - Securities and Futures Commission"
1031810,"Ireland -  Central Bank of Ireland"
1031717,"Canada - Ontario Securities Commission"
1024575,"South Africa - Financial Services Board"
1024575,"United Kingdom - Financial Conduct Authority"
1024575,"Ireland -  Central Bank of Ireland"
1024575,"India - Securities and Exchange Board of India"
1024575,"Other: FINANCIAL SUPERVISORY COMMISSION IN KOREA"
1032816,"Canada - Ontario Securities Commission"
1032816,"Ireland -  Central Bank of Ireland"
1032816,"Taiwan - Financial Supervisory Commission"
1032816,"India - Securities and Exchange Board of India"
1032855,"United Kingdom - Financial Conduct Authority"
1037767,"Dubai - Dubai Financial Services Authority"
1037767,"Other: SWISS FEDERAL BANKING COMMISSION"
1037767,"Other: SWISS NATIONAL BANK"
1037767,"Other: SUPERINTENDENCIA FINANCIERA DE COLOMBIA"
1037767,"Australia - Australian Securities and Investments Commission"
1037767,"China, People's Republic of - China Securities Regulatory Commission "
1037767,"Taiwan - Financial Supervisory Commission"
1037767,"Other: TAIWAN - THE CENTRAL BANK OF REPUBLIC OF CHINA"
1037767,"India - Securities and Exchange Board of India"
1037767,"Singapore - Monetary Authority of Singapore"
1037767,"Italy - National Stock Exchange Commission"
1038572,"France - Financial Markets Authority"
1038768,"Australia - Australian Securities and Investments Commission"
1038819,"Canada - Ontario Securities Commission"
1038819,"Canada - Manitoba Securities Commission"
1038819,"Canada - Saskatchewan Financial Services Commission"
1038819,"Canada - British Columbia Securities Commission"
1038819,"Canada - Alberta Securities Commission"
1038819,"Canada - Quebec, Financial Markets Authority"
1038819,"Canada - Newfoundland and Labrador, Financial Services Regulation Division"
1040206,"United Kingdom - Financial Conduct Authority"
1042814,"Canada - Ontario Securities Commission"
1042814,"Canada - Nova Scotia Securities Commission"
1042814,"Canada - Manitoba Securities Commission"
1042814,"Canada - Saskatchewan Financial Services Commission"
1042814,"Canada - New Brunswick Securities Commission"
1042814,"Canada - Newfoundland and Labrador, Financial Services Regulation Division"
1042814,"Canada - Prince Edward Island, Securities Office"
1042814,"Canada - Quebec, Financial Markets Authority"
1042814,"Canada - Alberta Securities Commission"
1042814,"Canada - British Columbia Securities Commission"
1029151,"United Kingdom - Financial Conduct Authority"
1026808,"United Kingdom - Financial Conduct Authority"
1031268,"United Kingdom - Financial Conduct Authority"
1031268,"Canada - Ontario Securities Commission"
1033172,"South Korea - Financial Supervisory Commission / Financial Supervisory Service"
1033172,"Other: HONG KONG- MANDATORY PROVIDENT FUND SCHEMES AUTHORITY"
1033172,"Hong Kong - Securities and Futures Commission"
1033172,"Other: PRC- FOR REPRESENTATIVE OFFICE APPROVED BY CHINA SECURITIES REGULATORY COMMISSION"
1033172,"Other: SOUTH KOREA - FOR REPRESENTATIVE OFFICE APPROVED BY MINISTRY OF STRATEGY AND FINANCE"
1036507,"Canada - Ontario Securities Commission"
1036507,"Japan - Financial Services Agency"
1036507,"Canada - Alberta Securities Commission"
1036507,"Canada - British Columbia Securities Commission"
1036507,"Canada - Manitoba Securities Commission"
1036507,"Canada - Saskatchewan Financial Services Commission"
1036507,"Canada - Nova Scotia Securities Commission"
1036507,"Canada - Quebec, Financial Markets Authority"
1036507,"United Kingdom - Financial Conduct Authority"
1038774,"India - Securities and Exchange Board of India"
1038657,"Canada - Ontario Securities Commission"
